K_mean_cls,Bank,DD,Withdrawals,Deposits,Branch Area in sqft,avg daily walkins,frequency
0,246.0952380952381,177.10204081632654,193.7687074829932,73.34693877551021,3021.292517006803,578.8367346938776,147
1,252.75257731958763,169.04123711340208,93.8659793814433,97.31958762886597,2995.2061855670104,495.5360824742268,97
2,264.65909090909093,278.3787878787879,192.37121212121212,88.99242424242425,2603.030303030303,693.4242424242424,132
3,267.9280575539568,290.8848920863309,105.2158273381295,72.66187050359713,3115.755395683453,601.3884892086331,139
